"Default","duration","amount","installment","age","history","purpose","foreign","rent"
0,6,1169,4,67,"terrible","goods/repair","foreign","FALSE"
1,48,5951,2,22,"poor","goods/repair","foreign","FALSE"
0,12,2096,2,49,"terrible","edu","foreign","FALSE"
0,42,7882,2,45,"poor","goods/repair","foreign","FALSE"
1,24,4870,3,53,"poor","newcar","foreign","FALSE"
0,36,9055,2,35,"poor","edu","foreign","FALSE"
0,24,2835,3,53,"poor","goods/repair","foreign","FALSE"
0,36,6948,2,35,"poor","usedcar","foreign","TRUE"
0,12,3059,2,61,"poor","goods/repair","foreign","FALSE"
1,30,5234,4,28,"terrible","newcar","foreign","FALSE"
1,12,1295,3,25,"poor","newcar","foreign","TRUE"
1,48,4308,3,24,"poor","biz","foreign","TRUE"
0,12,1567,1,22,"poor","goods/repair","foreign","FALSE"
1,24,1199,4,60,"terrible","newcar","foreign","FALSE"
0,15,1403,2,28,"poor","newcar","foreign","TRUE"
1,24,1282,4,32,"poor","goods/repair","foreign","FALSE"
0,24,2424,4,53,"terrible","goods/repair","foreign","FALSE"
0,30,8072,2,25,"good","biz","foreign","FALSE"
1,24,12579,4,44,"poor","usedcar","foreign","FALSE"
0,24,3430,3,31,"poor","goods/repair","foreign","FALSE"
0,9,2134,4,48,"terrible","newcar","foreign","FALSE"
0,6,2647,2,44,"poor","goods/repair","foreign","TRUE"
0,10,2241,1,48,"terrible","newcar","german","TRUE"
0,12,1804,3,44,"terrible","usedcar","foreign","FALSE"
0,10,2069,2,26,"terrible","goods/repair","german","FALSE"
0,6,1374,1,36,"poor","goods/repair","foreign","FALSE"
0,6,426,4,39,"good","goods/repair","foreign","FALSE"
0,12,409,3,42,"good","goods/repair","foreign","TRUE"
0,7,2415,3,34,"poor","goods/repair","foreign","FALSE"
1,60,6836,3,63,"poor","biz","foreign","FALSE"
0,18,1913,3,36,"poor","biz","foreign","FALSE"
0,24,4020,2,27,"poor","goods/repair","foreign","FALSE"
0,18,5866,2,30,"poor","newcar","foreign","FALSE"
0,12,1264,4,57,"terrible","biz","foreign","TRUE"
0,12,1474,4,33,"poor","goods/repair","foreign","FALSE"
1,45,4746,4,25,"terrible","goods/repair","foreign","FALSE"
0,48,6110,1,31,"terrible","edu","foreign","FALSE"
1,18,2100,4,37,"poor","goods/repair","foreign","FALSE"
0,10,1225,2,37,"poor","goods/repair","foreign","FALSE"
0,9,458,4,24,"poor","goods/repair","foreign","FALSE"
0,30,2333,4,30,"poor","goods/repair","foreign","FALSE"
0,12,1158,3,26,"poor","goods/repair","foreign","FALSE"
0,18,6204,2,44,"poor","goods/repair","foreign","FALSE"
0,30,6187,1,24,"terrible","usedcar","foreign","TRUE"
1,48,6143,4,58,"terrible","usedcar","foreign","FALSE"
0,11,1393,4,35,"terrible","newcar","foreign","FALSE"
0,36,2299,4,39,"poor","goods/repair","foreign","FALSE"
0,6,1352,1,23,"poor","usedcar","foreign","TRUE"
0,11,7228,1,39,"terrible","newcar","foreign","FALSE"
0,12,2073,4,28,"poor","goods/repair","foreign","FALSE"
0,24,2333,4,29,"poor","goods/repair","foreign","FALSE"
0,27,5965,1,30,"poor","usedcar","foreign","FALSE"
0,12,1262,3,25,"poor","goods/repair","foreign","FALSE"
0,18,3378,2,31,"poor","usedcar","foreign","FALSE"
1,36,2225,4,57,"poor","newcar","foreign","FALSE"
0,6,783,1,26,"good","newcar","foreign","FALSE"
1,12,6468,2,52,"poor","goods/repair","foreign","FALSE"
0,36,9566,2,31,"terrible","goods/repair","foreign","FALSE"
0,18,1961,3,23,"poor","newcar","foreign","FALSE"
1,36,6229,4,23,"terrible","goods/repair","foreign","TRUE"
0,9,1391,2,27,"poor","biz","foreign","FALSE"
0,15,1537,4,50,"terrible","goods/repair","foreign","FALSE"
1,36,1953,4,61,"good","biz","foreign","FALSE"
1,48,14421,2,25,"good","biz","foreign","FALSE"
0,24,3181,4,26,"poor","goods/repair","foreign","FALSE"
0,27,5190,4,48,"poor","goods/repair","foreign","FALSE"
0,12,2171,2,29,"poor","goods/repair","foreign","FALSE"
0,12,1007,4,22,"poor","newcar","foreign","FALSE"
1,36,1819,4,37,"poor","edu","foreign","FALSE"
0,36,2394,4,25,"poor","goods/repair","foreign","FALSE"
0,36,8133,1,30,"poor","usedcar","foreign","FALSE"
0,7,730,4,46,"terrible","goods/repair","foreign","TRUE"
0,8,1164,3,51,"terrible","biz","foreign","FALSE"
0,42,5954,2,41,"terrible","biz","foreign","FALSE"
1,36,1977,4,40,"poor","edu","foreign","FALSE"
0,12,1526,4,66,"terrible","usedcar","foreign","FALSE"
1,42,3965,4,34,"poor","goods/repair","foreign","FALSE"
0,11,4771,2,51,"poor","goods/repair","foreign","FALSE"
0,54,9436,2,39,"good","usedcar","foreign","FALSE"
0,30,3832,2,22,"poor","goods/repair","foreign","FALSE"
1,24,5943,1,44,"poor","goods/repair","foreign","FALSE"
0,15,1213,4,47,"poor","goods/repair","foreign","FALSE"
0,18,1568,3,24,"poor","biz","foreign","TRUE"
0,24,1755,4,58,"poor","biz","foreign","FALSE"
0,10,2315,3,52,"poor","goods/repair","foreign","FALSE"
0,12,1412,4,29,"terrible","biz","foreign","FALSE"
0,18,1295,4,27,"terrible","goods/repair","foreign","FALSE"
1,36,12612,1,47,"poor","edu","foreign","FALSE"
0,18,2249,4,30,"poor","newcar","foreign","FALSE"
1,12,1108,4,28,"good","goods/repair","foreign","FALSE"
0,12,618,4,56,"terrible","goods/repair","foreign","FALSE"
0,12,1409,4,54,"terrible","usedcar","foreign","FALSE"
1,12,797,4,33,"terrible","goods/repair","foreign","FALSE"
0,24,3617,4,20,"terrible","goods/repair","foreign","TRUE"
0,12,1318,4,54,"poor","newcar","foreign","FALSE"
1,54,15945,3,58,"good","biz","foreign","TRUE"
0,12,2012,4,61,"terrible","edu","foreign","FALSE"
0,18,2622,4,34,"poor","biz","foreign","FALSE"
0,36,2337,4,36,"terrible","goods/repair","foreign","FALSE"
0,20,7057,3,36,"poor","usedcar","foreign","TRUE"
0,24,1469,4,41,"poor","newcar","foreign","TRUE"
0,36,2323,4,24,"poor","goods/repair","foreign","TRUE"
0,6,932,3,24,"poor","goods/repair","foreign","FALSE"
0,9,1919,4,35,"terrible","goods/repair","foreign","TRUE"
0,12,2445,2,26,"poor","usedcar","foreign","TRUE"
1,24,11938,2,39,"terrible","biz","foreign","FALSE"
1,18,6458,2,39,"good","newcar","foreign","FALSE"
0,12,6078,2,32,"poor","newcar","foreign","FALSE"
0,24,7721,1,30,"poor","goods/repair","german","FALSE"
0,14,1410,1,35,"poor","biz","foreign","FALSE"
0,6,1449,1,31,"poor","biz","foreign","FALSE"
0,15,392,4,23,"poor","edu","foreign","TRUE"
0,18,6260,3,28,"poor","newcar","foreign","TRUE"
1,36,7855,4,25,"terrible","newcar","foreign","FALSE"
0,12,1680,3,35,"poor","goods/repair","foreign","FALSE"
0,48,3578,4,47,"terrible","goods/repair","foreign","FALSE"
1,42,7174,4,30,"poor","goods/repair","foreign","FALSE"
0,10,2132,2,27,"terrible","goods/repair","german","TRUE"
1,33,4281,1,23,"terrible","goods/repair","foreign","FALSE"
0,12,2366,3,36,"terrible","newcar","foreign","FALSE"
1,21,1835,3,25,"poor","goods/repair","foreign","FALSE"
0,24,3868,4,41,"terrible","usedcar","foreign","TRUE"
0,12,1768,3,24,"poor","goods/repair","foreign","TRUE"
0,10,781,4,63,"terrible","newcar","foreign","FALSE"
1,18,1924,4,27,"poor","goods/repair","foreign","TRUE"
0,12,2121,4,30,"terrible","newcar","foreign","FALSE"
0,12,701,4,40,"poor","goods/repair","foreign","FALSE"
1,12,639,4,30,"poor","goods/repair","foreign","FALSE"
0,12,1860,4,34,"terrible","usedcar","foreign","FALSE"
1,12,3499,3,29,"terrible","newcar","foreign","FALSE"
0,48,8487,1,24,"poor","newcar","foreign","FALSE"
1,36,6887,4,29,"poor","edu","foreign","FALSE"
0,15,2708,2,27,"poor","goods/repair","foreign","FALSE"
0,18,1984,4,47,"poor","goods/repair","foreign","FALSE"
0,60,10144,2,21,"poor","goods/repair","foreign","FALSE"
0,12,1240,4,38,"terrible","goods/repair","foreign","FALSE"
0,27,8613,2,27,"poor","usedcar","foreign","FALSE"
1,12,766,4,66,"poor","goods/repair","foreign","FALSE"
0,15,2728,4,35,"terrible","goods/repair","foreign","FALSE"
0,12,1881,2,44,"poor","goods/repair","foreign","TRUE"
0,6,709,2,27,"poor","newcar","german","FALSE"
0,36,4795,4,30,"poor","goods/repair","foreign","FALSE"
0,27,3416,3,27,"poor","goods/repair","foreign","FALSE"
1,18,2462,2,22,"poor","goods/repair","foreign","FALSE"
0,21,2288,4,23,"terrible","goods/repair","foreign","FALSE"
0,48,3566,4,30,"good","biz","foreign","FALSE"
0,6,860,1,39,"terrible","newcar","foreign","FALSE"
0,12,682,4,51,"terrible","newcar","foreign","FALSE"
0,36,5371,3,28,"terrible","goods/repair","foreign","FALSE"
0,18,1582,4,46,"terrible","goods/repair","foreign","FALSE"
0,6,1346,2,42,"poor","goods/repair","foreign","FALSE"
0,10,1924,1,38,"poor","goods/repair","german","FALSE"
0,36,5848,4,24,"poor","goods/repair","foreign","FALSE"
0,24,7758,2,29,"terrible","usedcar","foreign","TRUE"
0,24,6967,4,36,"poor","biz","foreign","TRUE"
1,12,1282,2,20,"poor","goods/repair","foreign","TRUE"
0,9,1288,3,48,"terrible","goods/repair","german","FALSE"
0,12,339,4,45,"good","edu","foreign","FALSE"
0,24,3512,2,38,"poor","newcar","foreign","FALSE"
0,6,1898,1,34,"terrible","goods/repair","foreign","FALSE"
0,24,2872,3,36,"terrible","goods/repair","foreign","FALSE"
0,18,1055,4,30,"terrible","newcar","foreign","FALSE"
0,15,1262,4,36,"poor","goods/repair","foreign","FALSE"
0,10,7308,2,70,"poor","newcar","foreign","FALSE"
0,36,909,4,36,"poor","newcar","foreign","FALSE"
0,6,2978,1,32,"poor","goods/repair","foreign","FALSE"
1,18,1131,4,33,"poor","goods/repair","foreign","FALSE"
0,11,1577,4,20,"poor","goods/repair","foreign","FALSE"
0,24,3972,2,25,"poor","goods/repair","foreign","TRUE"
1,24,1935,4,31,"terrible","biz","foreign","FALSE"
1,15,950,4,33,"good","newcar","foreign","TRUE"
0,12,763,4,26,"poor","goods/repair","foreign","FALSE"
1,24,2064,3,34,"poor","goods/repair","foreign","FALSE"
0,8,1414,4,33,"poor","goods/repair","german","FALSE"
1,21,3414,2,26,"poor","edu","foreign","FALSE"
1,30,7485,4,53,"good","usedcar","foreign","FALSE"
0,12,2577,2,42,"poor","goods/repair","foreign","FALSE"
0,6,338,4,52,"terrible","goods/repair","foreign","FALSE"
0,12,1963,4,31,"poor","goods/repair","foreign","TRUE"
0,21,571,4,65,"terrible","newcar","foreign","FALSE"
1,36,9572,1,28,"poor","biz","foreign","FALSE"
1,36,4455,2,30,"poor","biz","foreign","FALSE"
1,21,1647,4,40,"good","newcar","foreign","FALSE"
0,24,3777,4,50,"terrible","goods/repair","foreign","FALSE"
1,18,884,4,36,"terrible","newcar","foreign","FALSE"
0,15,1360,4,31,"terrible","goods/repair","foreign","FALSE"
1,9,5129,2,74,"good","usedcar","foreign","FALSE"
0,16,1175,2,68,"terrible","newcar","foreign","FALSE"
1,12,674,4,20,"poor","goods/repair","foreign","FALSE"
0,18,3244,1,33,"good","goods/repair","foreign","FALSE"
1,24,4591,2,54,"poor","biz","foreign","FALSE"
1,48,3844,4,34,"good","biz","foreign","FALSE"
1,27,3915,4,36,"poor","biz","foreign","FALSE"
0,6,2108,2,29,"poor","goods/repair","foreign","TRUE"
1,45,3031,4,21,"poor","goods/repair","foreign","TRUE"
1,9,1501,2,34,"terrible","edu","foreign","FALSE"
0,6,1382,1,28,"terrible","goods/repair","foreign","FALSE"
1,12,951,4,27,"poor","goods/repair","foreign","TRUE"
0,24,2760,4,36,"poor","usedcar","foreign","FALSE"
1,18,4297,4,40,"poor","goods/repair","foreign","FALSE"
0,9,936,4,52,"terrible","edu","foreign","FALSE"
0,12,1168,4,27,"poor","newcar","foreign","FALSE"
0,27,5117,3,26,"poor","biz","foreign","FALSE"
1,12,902,4,21,"poor","edu","foreign","TRUE"
0,12,1495,4,38,"terrible","newcar","foreign","FALSE"
0,30,10623,3,38,"terrible","usedcar","foreign","FALSE"
0,12,1935,4,43,"terrible","goods/repair","foreign","FALSE"
0,12,1424,4,26,"terrible","goods/repair","foreign","FALSE"
0,24,6568,2,21,"poor","biz","foreign","FALSE"
0,12,1413,3,55,"poor","usedcar","german","FALSE"
0,9,3074,1,33,"terrible","goods/repair","foreign","FALSE"
0,36,3835,2,45,"poor","goods/repair","foreign","FALSE"
1,27,5293,2,50,"good","biz","foreign","FALSE"
1,30,1908,4,66,"poor","biz","foreign","FALSE"
0,36,3342,4,51,"terrible","goods/repair","foreign","FALSE"
0,6,932,1,39,"terrible","edu","foreign","FALSE"
0,18,3104,3,31,"good","biz","foreign","FALSE"
0,36,3913,2,23,"poor","goods/repair","foreign","FALSE"
0,24,3021,2,24,"poor","goods/repair","foreign","TRUE"
0,10,1364,2,64,"poor","newcar","foreign","FALSE"
0,12,625,4,26,"poor","goods/repair","foreign","FALSE"
0,12,1200,4,23,"poor","edu","foreign","TRUE"
0,12,707,4,30,"poor","goods/repair","foreign","FALSE"
0,24,2978,4,32,"poor","biz","foreign","FALSE"
0,15,4657,3,30,"poor","usedcar","foreign","FALSE"
0,36,2613,4,27,"good","goods/repair","foreign","FALSE"
1,48,10961,1,27,"poor","goods/repair","foreign","FALSE"
1,12,7865,4,53,"poor","goods/repair","foreign","FALSE"
1,9,1478,4,22,"poor","goods/repair","foreign","FALSE"
0,24,3149,4,22,"poor","goods/repair","foreign","FALSE"
1,36,4210,4,26,"poor","goods/repair","foreign","FALSE"
0,9,2507,2,51,"poor","newcar","foreign","FALSE"
0,12,2141,3,35,"poor","goods/repair","foreign","FALSE"
0,18,866,4,25,"poor","goods/repair","foreign","FALSE"
0,4,1544,2,42,"terrible","goods/repair","foreign","FALSE"
1,24,1823,4,30,"poor","goods/repair","foreign","FALSE"
1,6,14555,1,23,"poor","newcar","foreign","FALSE"
1,21,2767,4,61,"poor","biz","foreign","TRUE"
0,12,1291,4,35,"terrible","goods/repair","foreign","FALSE"
0,30,2522,1,39,"poor","goods/repair","foreign","FALSE"
1,24,915,4,29,"poor","newcar","foreign","FALSE"
0,6,1595,3,51,"poor","goods/repair","foreign","FALSE"
1,48,4605,3,24,"good","usedcar","foreign","FALSE"
0,12,1185,3,27,"terrible","biz","foreign","FALSE"
0,12,3447,4,35,"good","edu","foreign","FALSE"
0,24,1258,4,25,"poor","biz","foreign","FALSE"
0,12,717,4,52,"terrible","goods/repair","foreign","FALSE"
0,6,1204,4,35,"good","newcar","german","TRUE"
0,24,1925,2,26,"poor","goods/repair","foreign","FALSE"
1,18,433,3,22,"poor","goods/repair","foreign","TRUE"
0,6,666,3,39,"terrible","newcar","foreign","FALSE"
0,12,2251,1,46,"poor","goods/repair","foreign","FALSE"
1,30,2150,4,24,"poor","newcar","foreign","FALSE"
0,24,4151,2,35,"poor","goods/repair","foreign","FALSE"
0,9,2030,2,24,"poor","goods/repair","foreign","FALSE"
0,60,7418,1,27,"poor","goods/repair","foreign","FALSE"
0,24,2684,4,35,"terrible","goods/repair","foreign","FALSE"
1,12,2149,4,29,"good","goods/repair","foreign","FALSE"
0,15,3812,1,23,"poor","usedcar","foreign","FALSE"
0,11,1154,4,57,"terrible","goods/repair","foreign","FALSE"
0,12,1657,2,27,"poor","goods/repair","foreign","FALSE"
0,24,1603,4,55,"poor","goods/repair","foreign","FALSE"
0,18,5302,2,36,"terrible","newcar","foreign","FALSE"
0,12,2748,2,57,"terrible","edu","foreign","FALSE"
0,10,1231,3,32,"terrible","newcar","german","FALSE"
1,15,802,4,37,"poor","goods/repair","foreign","FALSE"
0,36,6304,4,36,"terrible","biz","foreign","FALSE"
0,24,1533,4,38,"poor","goods/repair","foreign","FALSE"
1,14,8978,1,45,"poor","newcar","german","FALSE"
0,24,999,4,25,"poor","goods/repair","foreign","FALSE"
0,18,2662,4,32,"poor","newcar","german","FALSE"
0,12,1402,3,37,"terrible","goods/repair","foreign","TRUE"
0,48,12169,4,36,"good","newcar","foreign","FALSE"
1,48,3060,4,28,"poor","goods/repair","foreign","FALSE"
1,30,11998,1,34,"poor","goods/repair","foreign","FALSE"
0,9,2697,1,32,"poor","goods/repair","foreign","FALSE"
0,18,2404,2,26,"terrible","goods/repair","foreign","FALSE"
0,12,1262,2,49,"poor","goods/repair","foreign","FALSE"
1,6,4611,1,32,"poor","goods/repair","foreign","FALSE"
0,24,1901,4,29,"poor","goods/repair","foreign","TRUE"
0,15,3368,3,23,"terrible","usedcar","foreign","TRUE"
0,12,1574,4,50,"poor","goods/repair","foreign","FALSE"
0,18,1445,4,49,"good","goods/repair","foreign","FALSE"
0,15,1520,4,63,"terrible","goods/repair","foreign","FALSE"
0,24,3878,4,37,"terrible","newcar","foreign","FALSE"
0,47,10722,1,35,"poor","newcar","foreign","FALSE"
0,48,4788,4,26,"poor","usedcar","foreign","FALSE"
0,48,7582,2,31,"poor","biz","foreign","FALSE"
0,12,1092,4,49,"poor","goods/repair","foreign","FALSE"
1,24,1024,4,48,"poor","goods/repair","foreign","FALSE"
0,12,1076,2,26,"poor","biz","german","FALSE"
1,36,9398,1,28,"poor","usedcar","foreign","TRUE"
0,24,6419,2,44,"terrible","usedcar","foreign","FALSE"
0,42,4796,4,56,"terrible","usedcar","foreign","FALSE"
0,48,7629,4,46,"terrible","biz","foreign","FALSE"
1,48,9960,1,26,"poor","goods/repair","foreign","FALSE"
0,12,4675,1,20,"poor","usedcar","foreign","TRUE"
0,10,1287,4,45,"poor","newcar","german","FALSE"
0,18,2515,3,43,"poor","goods/repair","foreign","FALSE"
0,21,2745,3,32,"terrible","goods/repair","foreign","FALSE"
0,6,672,1,54,"poor","newcar","foreign","FALSE"
1,36,3804,4,42,"good","goods/repair","foreign","FALSE"
1,24,1344,4,37,"terrible","newcar","foreign","FALSE"
0,10,1038,4,49,"terrible","newcar","foreign","FALSE"
1,48,10127,2,44,"terrible","newcar","foreign","FALSE"
0,6,1543,4,33,"poor","goods/repair","foreign","FALSE"
0,30,4811,2,24,"poor","usedcar","foreign","TRUE"
1,12,727,4,33,"poor","goods/repair","foreign","FALSE"
1,8,1237,3,24,"poor","goods/repair","foreign","FALSE"
0,9,276,4,22,"poor","newcar","foreign","TRUE"
0,48,5381,3,40,"poor","biz","foreign","FALSE"
0,24,5511,4,25,"poor","goods/repair","foreign","FALSE"
0,24,3749,2,26,"poor","goods/repair","foreign","FALSE"
1,12,685,2,25,"poor","newcar","foreign","FALSE"
0,4,1494,1,29,"poor","newcar","german","FALSE"
1,36,2746,4,31,"good","goods/repair","foreign","FALSE"
0,12,708,2,38,"poor","goods/repair","foreign","FALSE"
0,24,4351,1,48,"poor","goods/repair","foreign","FALSE"
0,12,701,4,32,"terrible","edu","foreign","FALSE"
0,15,3643,1,27,"poor","goods/repair","foreign","FALSE"
1,30,4249,4,28,"terrible","newcar","foreign","FALSE"
1,24,1938,4,32,"poor","goods/repair","foreign","FALSE"
0,24,2910,2,34,"poor","usedcar","foreign","FALSE"
0,18,2659,4,28,"poor","goods/repair","foreign","FALSE"
0,18,1028,4,36,"terrible","newcar","foreign","FALSE"
0,8,3398,1,39,"terrible","newcar","german","FALSE"
0,12,5801,2,49,"terrible","goods/repair","foreign","TRUE"
0,24,1525,4,34,"poor","newcar","foreign","FALSE"
0,36,4473,4,31,"poor","goods/repair","foreign","FALSE"
0,6,1068,4,28,"poor","goods/repair","foreign","FALSE"
0,24,6615,2,75,"terrible","usedcar","foreign","FALSE"
1,18,1864,4,30,"terrible","edu","foreign","FALSE"
1,60,7408,4,24,"poor","newcar","foreign","FALSE"
1,48,11590,2,24,"terrible","usedcar","foreign","TRUE"
1,24,4110,3,23,"good","goods/repair","foreign","TRUE"
1,6,3384,1,44,"terrible","goods/repair","foreign","TRUE"
0,13,2101,2,23,"poor","goods/repair","foreign","FALSE"
1,15,1275,4,24,"poor","goods/repair","foreign","TRUE"
0,24,4169,4,28,"poor","goods/repair","foreign","FALSE"
0,10,1521,4,31,"poor","goods/repair","foreign","FALSE"
0,24,5743,2,24,"terrible","edu","foreign","FALSE"
0,21,3599,1,26,"poor","goods/repair","foreign","TRUE"
0,18,3213,1,25,"poor","goods/repair","foreign","TRUE"
0,18,4439,1,33,"poor","biz","foreign","FALSE"
0,10,3949,1,37,"poor","newcar","foreign","FALSE"
0,15,1459,4,43,"terrible","goods/repair","foreign","FALSE"
0,13,882,4,23,"terrible","goods/repair","foreign","FALSE"
0,24,3758,1,23,"poor","goods/repair","foreign","TRUE"
0,6,1743,1,34,"poor","biz","foreign","FALSE"
1,9,1136,4,32,"terrible","edu","foreign","FALSE"
0,9,1236,1,23,"poor","goods/repair","foreign","TRUE"
1,9,959,1,29,"poor","goods/repair","german","FALSE"
0,18,3229,2,38,"terrible","usedcar","foreign","FALSE"
1,12,6199,4,28,"good","goods/repair","foreign","TRUE"
0,10,727,4,46,"poor","edu","foreign","FALSE"
1,24,1246,4,23,"poor","newcar","foreign","FALSE"
0,12,2331,1,49,"terrible","goods/repair","foreign","FALSE"
1,36,4463,4,26,"poor","goods/repair","foreign","FALSE"
0,12,776,4,28,"poor","goods/repair","foreign","FALSE"
1,30,2406,4,23,"poor","goods/repair","foreign","TRUE"
0,18,1239,4,61,"poor","edu","foreign","FALSE"
0,12,3399,2,37,"poor","goods/repair","foreign","FALSE"
0,12,2247,2,36,"poor","newcar","foreign","FALSE"
0,6,1766,1,21,"poor","goods/repair","foreign","TRUE"
1,18,2473,4,25,"poor","goods/repair","foreign","FALSE"
0,12,1542,2,36,"poor","biz","foreign","FALSE"
0,18,3850,3,27,"terrible","usedcar","foreign","FALSE"
0,18,3650,1,22,"poor","goods/repair","foreign","TRUE"
1,36,3446,4,42,"poor","goods/repair","foreign","FALSE"
0,18,3001,2,40,"poor","goods/repair","foreign","TRUE"
0,36,3079,4,36,"poor","newcar","foreign","FALSE"
0,18,6070,3,33,"terrible","goods/repair","foreign","FALSE"
0,10,2146,1,23,"terrible","goods/repair","foreign","TRUE"
0,60,13756,2,63,"terrible","newcar","foreign","FALSE"
1,60,14782,3,60,"good","biz","foreign","FALSE"
1,48,7685,2,37,"good","biz","foreign","TRUE"
0,18,2320,2,34,"poor","goods/repair","foreign","FALSE"
0,7,846,3,36,"poor","goods/repair","foreign","FALSE"
1,36,14318,4,57,"poor","newcar","foreign","FALSE"
0,6,362,4,52,"terrible","newcar","foreign","FALSE"
0,20,2212,4,39,"poor","goods/repair","foreign","FALSE"
1,18,12976,3,38,"poor","usedcar","foreign","FALSE"
0,22,1283,4,25,"poor","newcar","foreign","TRUE"
0,12,1330,4,26,"poor","newcar","foreign","FALSE"
0,30,4272,2,26,"poor","biz","foreign","FALSE"
0,18,2238,2,25,"terrible","goods/repair","foreign","FALSE"
0,18,1126,4,21,"poor","goods/repair","foreign","TRUE"
0,18,7374,4,40,"terrible","goods/repair","foreign","FALSE"
0,15,2326,2,27,"terrible","biz","foreign","FALSE"
0,9,1449,3,27,"poor","biz","foreign","FALSE"
0,18,1820,2,30,"poor","newcar","foreign","FALSE"
0,12,983,1,19,"poor","goods/repair","foreign","TRUE"
0,36,3249,2,39,"poor","newcar","foreign","FALSE"
0,6,1957,1,31,"terrible","goods/repair","foreign","FALSE"
0,9,2406,2,31,"terrible","goods/repair","foreign","FALSE"
0,39,11760,2,32,"poor","edu","foreign","TRUE"
0,12,2578,3,55,"poor","goods/repair","foreign","FALSE"
0,36,2348,3,46,"terrible","goods/repair","foreign","FALSE"
1,12,1223,1,46,"poor","newcar","foreign","TRUE"
0,24,1516,4,43,"terrible","goods/repair","foreign","FALSE"
0,18,1473,3,39,"poor","goods/repair","foreign","FALSE"
0,18,1887,4,28,"terrible","biz","foreign","FALSE"
1,24,8648,2,27,"poor","biz","foreign","FALSE"
0,14,802,4,27,"poor","newcar","foreign","FALSE"
0,18,2899,4,43,"poor","newcar","foreign","FALSE"
1,24,2039,1,22,"poor","goods/repair","foreign","FALSE"
0,24,2197,4,43,"terrible","usedcar","foreign","FALSE"
0,15,1053,4,27,"poor","goods/repair","german","FALSE"
0,24,3235,3,26,"poor","goods/repair","foreign","FALSE"
1,12,939,4,28,"terrible","newcar","foreign","FALSE"
0,24,1967,4,20,"poor","goods/repair","foreign","FALSE"
0,33,7253,3,35,"terrible","usedcar","foreign","FALSE"
1,12,2292,4,42,"terrible","biz","foreign","FALSE"
0,10,1597,3,40,"poor","newcar","german","TRUE"
1,24,1381,4,35,"poor","newcar","foreign","FALSE"
0,36,5842,2,35,"terrible","usedcar","foreign","FALSE"
1,12,2579,4,33,"poor","newcar","foreign","FALSE"
0,18,8471,1,23,"poor","edu","foreign","TRUE"
0,21,2782,1,31,"poor","newcar","foreign","FALSE"
1,18,1042,4,33,"poor","newcar","foreign","FALSE"
0,15,3186,2,20,"poor","newcar","foreign","TRUE"
0,12,2028,4,30,"poor","usedcar","foreign","FALSE"
0,12,958,2,47,"terrible","newcar","foreign","FALSE"
0,21,1591,4,34,"poor","goods/repair","foreign","FALSE"
1,12,2762,1,25,"poor","goods/repair","foreign","FALSE"
0,18,2779,1,21,"poor","usedcar","foreign","TRUE"
0,28,2743,4,29,"terrible","goods/repair","foreign","FALSE"
0,18,1149,4,46,"terrible","goods/repair","foreign","FALSE"
0,9,1313,1,20,"poor","goods/repair","foreign","FALSE"
1,18,1190,2,55,"terrible","goods/repair","foreign","FALSE"
0,5,3448,1,74,"poor","biz","foreign","FALSE"
1,24,11328,2,29,"poor","biz","foreign","FALSE"
0,6,1872,4,36,"terrible","goods/repair","foreign","FALSE"
0,24,2058,4,33,"terrible","goods/repair","foreign","FALSE"
0,9,2136,3,25,"poor","goods/repair","foreign","FALSE"
1,12,1484,2,25,"poor","goods/repair","foreign","FALSE"
0,6,660,2,23,"poor","goods/repair","foreign","TRUE"
0,24,1287,4,37,"terrible","newcar","foreign","FALSE"
0,42,3394,4,65,"terrible","goods/repair","foreign","FALSE"
1,12,609,4,26,"good","biz","foreign","FALSE"
0,12,1884,4,39,"poor","newcar","foreign","FALSE"
0,12,1620,2,30,"poor","goods/repair","foreign","FALSE"
0,20,2629,2,29,"poor","biz","foreign","FALSE"
1,12,719,4,41,"poor","edu","foreign","FALSE"
1,48,5096,2,30,"terrible","goods/repair","foreign","FALSE"
0,9,1244,4,41,"terrible","edu","foreign","TRUE"
1,36,1842,4,34,"poor","newcar","foreign","FALSE"
0,7,2576,2,35,"poor","goods/repair","foreign","FALSE"
0,12,1424,3,55,"poor","goods/repair","foreign","FALSE"
1,15,1512,3,61,"poor","goods/repair","foreign","FALSE"
0,36,11054,4,30,"terrible","usedcar","foreign","FALSE"
0,6,518,3,29,"poor","goods/repair","foreign","FALSE"
0,12,2759,2,34,"good","goods/repair","foreign","FALSE"
0,24,2670,4,35,"poor","usedcar","foreign","FALSE"
1,24,4817,2,31,"poor","newcar","foreign","FALSE"
0,24,2679,4,29,"poor","usedcar","foreign","FALSE"
0,11,3905,2,36,"terrible","newcar","foreign","TRUE"
1,12,3386,3,35,"poor","usedcar","foreign","FALSE"
0,6,343,4,27,"poor","goods/repair","foreign","FALSE"
0,18,4594,3,32,"poor","goods/repair","foreign","FALSE"
0,36,3620,1,37,"poor","goods/repair","foreign","FALSE"
0,15,1721,2,36,"poor","newcar","foreign","FALSE"
0,12,3017,3,34,"poor","goods/repair","foreign","TRUE"
0,12,754,4,38,"poor","edu","foreign","FALSE"
0,18,1950,4,34,"poor","biz","foreign","FALSE"
0,24,2924,3,63,"poor","usedcar","foreign","FALSE"
1,24,1659,4,29,"poor","goods/repair","foreign","TRUE"
0,48,7238,3,32,"poor","goods/repair","foreign","FALSE"
0,33,2764,2,26,"poor","biz","foreign","FALSE"
0,24,4679,3,35,"poor","usedcar","foreign","FALSE"
1,24,3092,3,22,"poor","goods/repair","foreign","TRUE"
1,6,448,4,23,"poor","edu","foreign","FALSE"
1,9,654,4,28,"poor","newcar","foreign","FALSE"
0,6,1238,4,36,"poor","edu","foreign","FALSE"
1,18,1245,4,33,"terrible","goods/repair","foreign","FALSE"
1,18,3114,1,26,"good","goods/repair","foreign","TRUE"
0,39,2569,4,24,"poor","usedcar","foreign","FALSE"
0,24,5152,4,25,"poor","goods/repair","foreign","FALSE"
0,12,1037,3,39,"poor","biz","foreign","FALSE"
0,15,1478,4,44,"terrible","goods/repair","foreign","FALSE"
0,12,3573,1,23,"terrible","goods/repair","foreign","FALSE"
0,24,1201,4,26,"poor","newcar","foreign","FALSE"
0,30,3622,4,57,"poor","goods/repair","foreign","TRUE"
0,15,960,3,30,"poor","goods/repair","foreign","FALSE"
0,12,1163,4,44,"terrible","newcar","foreign","FALSE"
1,6,1209,4,47,"poor","newcar","foreign","FALSE"
0,12,3077,2,52,"poor","goods/repair","foreign","FALSE"
0,24,3757,4,62,"poor","newcar","foreign","FALSE"
0,10,1418,3,35,"poor","newcar","german","TRUE"
0,6,3518,2,26,"poor","newcar","foreign","TRUE"
0,12,1934,2,26,"terrible","goods/repair","foreign","FALSE"
1,27,8318,2,42,"good","biz","foreign","FALSE"
0,6,1237,1,27,"terrible","goods/repair","foreign","FALSE"
0,6,368,4,38,"poor","goods/repair","foreign","FALSE"
0,12,2122,3,39,"terrible","newcar","german","TRUE"
1,24,2996,2,20,"poor","goods/repair","foreign","FALSE"
1,36,9034,4,29,"poor","goods/repair","foreign","TRUE"
0,24,1585,4,40,"terrible","goods/repair","foreign","FALSE"
0,18,1301,4,32,"poor","goods/repair","foreign","FALSE"
0,6,1323,2,28,"terrible","newcar","foreign","FALSE"
1,24,3123,4,27,"poor","newcar","foreign","FALSE"
0,36,5493,2,42,"poor","usedcar","foreign","FALSE"
0,9,1126,2,49,"poor","goods/repair","foreign","FALSE"
1,24,1216,4,38,"terrible","goods/repair","foreign","FALSE"
1,24,1207,4,24,"poor","newcar","foreign","TRUE"
1,10,1309,4,27,"poor","newcar","foreign","FALSE"
0,15,2360,2,36,"terrible","usedcar","foreign","FALSE"
1,15,6850,1,34,"good","newcar","foreign","FALSE"
0,24,1413,4,28,"poor","goods/repair","foreign","FALSE"
0,39,8588,4,45,"poor","usedcar","foreign","FALSE"
1,12,759,4,26,"poor","newcar","foreign","FALSE"
0,36,4686,2,32,"poor","usedcar","foreign","FALSE"
0,15,2687,2,26,"poor","biz","foreign","TRUE"
0,12,585,4,20,"poor","goods/repair","foreign","TRUE"
0,24,2255,4,54,"poor","newcar","foreign","FALSE"
0,6,609,4,37,"terrible","newcar","german","FALSE"
0,6,1361,2,40,"terrible","newcar","german","FALSE"
1,36,7127,2,23,"terrible","goods/repair","foreign","TRUE"
0,6,1203,3,43,"poor","newcar","foreign","FALSE"
0,6,700,4,36,"terrible","goods/repair","foreign","FALSE"
0,24,5507,3,44,"terrible","goods/repair","foreign","FALSE"
1,18,3190,2,24,"poor","goods/repair","foreign","FALSE"
1,48,7119,3,53,"good","goods/repair","foreign","FALSE"
0,24,3488,3,23,"poor","usedcar","foreign","FALSE"
0,18,1113,4,26,"poor","goods/repair","foreign","FALSE"
0,26,7966,2,30,"poor","usedcar","foreign","FALSE"
0,15,1532,4,31,"terrible","edu","foreign","FALSE"
0,4,1503,2,42,"terrible","goods/repair","foreign","FALSE"
1,36,2302,4,31,"poor","goods/repair","foreign","TRUE"
0,6,662,3,41,"poor","newcar","foreign","FALSE"
0,36,2273,3,32,"poor","edu","foreign","FALSE"
1,15,2631,2,28,"poor","newcar","foreign","TRUE"
0,12,1503,4,41,"poor","usedcar","foreign","TRUE"
0,24,1311,4,26,"poor","goods/repair","foreign","FALSE"
0,24,3105,4,25,"poor","goods/repair","foreign","FALSE"
1,21,2319,2,33,"terrible","edu","foreign","TRUE"
0,6,1374,4,75,"poor","newcar","foreign","FALSE"
0,18,3612,3,37,"terrible","goods/repair","foreign","FALSE"
1,48,7763,4,42,"poor","newcar","foreign","FALSE"
0,18,3049,1,45,"poor","goods/repair","foreign","FALSE"
1,12,1534,1,23,"poor","goods/repair","foreign","TRUE"
0,24,2032,4,60,"poor","newcar","foreign","FALSE"
1,30,6350,4,31,"poor","goods/repair","foreign","FALSE"
1,18,2864,2,34,"poor","goods/repair","foreign","FALSE"
0,12,1255,4,61,"terrible","newcar","foreign","FALSE"
1,24,1333,4,43,"poor","newcar","foreign","FALSE"
0,24,2022,4,37,"terrible","newcar","foreign","FALSE"
0,24,1552,3,32,"poor","goods/repair","foreign","FALSE"
1,12,626,4,24,"good","goods/repair","foreign","FALSE"
0,48,8858,2,35,"terrible","usedcar","foreign","FALSE"
0,12,996,4,23,"terrible","goods/repair","foreign","FALSE"
0,6,1750,2,45,"good","goods/repair","foreign","FALSE"
1,48,6999,1,34,"poor","goods/repair","foreign","FALSE"
0,12,1995,4,27,"terrible","newcar","foreign","FALSE"
0,9,1199,4,67,"poor","edu","foreign","FALSE"
1,12,1331,2,22,"poor","goods/repair","foreign","FALSE"
1,18,2278,3,28,"good","newcar","foreign","FALSE"
1,21,5003,1,29,"good","newcar","foreign","FALSE"
1,24,3552,3,27,"good","goods/repair","foreign","FALSE"
1,18,1928,2,31,"terrible","goods/repair","foreign","FALSE"
0,24,2964,4,49,"poor","usedcar","foreign","FALSE"
1,24,1546,4,24,"good","goods/repair","foreign","TRUE"
0,6,683,2,29,"poor","goods/repair","foreign","FALSE"
1,36,12389,1,37,"poor","newcar","foreign","FALSE"
0,24,4712,4,37,"poor","biz","foreign","FALSE"
0,24,1553,3,23,"poor","goods/repair","foreign","TRUE"
1,12,1372,2,36,"poor","newcar","foreign","FALSE"
0,24,2578,2,34,"terrible","goods/repair","foreign","FALSE"
0,48,3979,4,41,"poor","goods/repair","foreign","FALSE"
1,48,6758,3,31,"poor","goods/repair","foreign","FALSE"
1,24,3234,4,23,"poor","goods/repair","foreign","TRUE"
0,30,5954,3,38,"terrible","goods/repair","foreign","FALSE"
0,24,5433,2,26,"poor","usedcar","foreign","TRUE"
0,15,806,4,22,"poor","biz","foreign","FALSE"
0,9,1082,4,27,"poor","goods/repair","foreign","FALSE"
0,15,2788,2,24,"terrible","goods/repair","foreign","FALSE"
0,12,2930,2,27,"poor","goods/repair","foreign","FALSE"
0,24,1927,3,33,"terrible","edu","foreign","FALSE"
1,36,2820,4,27,"terrible","newcar","foreign","FALSE"
0,24,937,4,27,"poor","edu","foreign","FALSE"
1,18,1056,3,30,"terrible","newcar","foreign","FALSE"
0,12,3124,1,49,"terrible","newcar","foreign","FALSE"
0,9,1388,4,26,"poor","goods/repair","foreign","TRUE"
1,36,2384,4,33,"poor","goods/repair","foreign","TRUE"
0,12,2133,4,52,"poor","newcar","foreign","FALSE"
1,18,2039,1,20,"poor","goods/repair","foreign","TRUE"
0,9,2799,2,36,"terrible","newcar","foreign","TRUE"
0,12,1289,4,21,"poor","goods/repair","foreign","FALSE"
1,18,1217,4,47,"poor","goods/repair","foreign","FALSE"
1,12,2246,3,60,"terrible","goods/repair","foreign","FALSE"
0,12,385,4,58,"terrible","goods/repair","foreign","FALSE"
0,24,1965,4,42,"poor","newcar","foreign","TRUE"
0,21,1572,4,36,"poor","biz","foreign","FALSE"
1,24,2718,3,20,"poor","newcar","foreign","TRUE"
1,24,1358,4,40,"good","biz","foreign","FALSE"
1,6,931,1,32,"good","newcar","foreign","FALSE"
1,24,1442,4,23,"poor","newcar","foreign","TRUE"
1,24,4241,1,36,"good","biz","foreign","FALSE"
1,18,2775,2,31,"terrible","newcar","foreign","FALSE"
0,24,3863,1,32,"poor","biz","foreign","FALSE"
0,7,2329,1,45,"poor","goods/repair","foreign","FALSE"
1,9,918,4,30,"poor","goods/repair","foreign","FALSE"
1,24,1837,4,34,"good","edu","foreign","FALSE"
1,36,3349,4,28,"poor","goods/repair","foreign","FALSE"
0,10,1275,4,23,"poor","goods/repair","foreign","FALSE"
0,24,2828,4,22,"good","goods/repair","foreign","FALSE"
0,24,4526,3,74,"terrible","biz","foreign","FALSE"
1,36,2671,4,50,"poor","goods/repair","foreign","FALSE"
0,18,2051,4,33,"poor","goods/repair","foreign","FALSE"
0,15,1300,4,45,"poor","usedcar","foreign","FALSE"
1,12,741,4,22,"poor","goods/repair","foreign","FALSE"
1,10,1240,1,48,"poor","newcar","foreign","FALSE"
0,21,3357,4,29,"poor","goods/repair","foreign","FALSE"
0,24,3632,1,22,"good","usedcar","german","TRUE"
1,18,1808,4,22,"poor","goods/repair","foreign","FALSE"
0,48,12204,2,48,"good","biz","foreign","FALSE"
0,60,9157,2,27,"poor","goods/repair","foreign","FALSE"
0,6,3676,1,37,"terrible","newcar","foreign","TRUE"
1,30,3441,2,21,"poor","goods/repair","foreign","TRUE"
0,12,640,4,49,"poor","newcar","foreign","FALSE"
0,21,3652,2,27,"terrible","biz","foreign","FALSE"
1,18,1530,3,32,"terrible","newcar","foreign","FALSE"
1,48,3914,4,38,"poor","biz","foreign","FALSE"
0,12,1858,4,22,"poor","goods/repair","foreign","TRUE"
1,18,2600,4,65,"poor","goods/repair","foreign","FALSE"
0,15,1979,4,35,"poor","goods/repair","foreign","FALSE"
0,6,2116,2,41,"poor","goods/repair","foreign","FALSE"
1,9,1437,2,29,"good","newcar","foreign","FALSE"
0,42,4042,4,36,"terrible","goods/repair","foreign","FALSE"
0,9,3832,1,64,"poor","edu","foreign","FALSE"
0,24,3660,2,28,"poor","goods/repair","foreign","FALSE"
1,18,1553,4,44,"good","goods/repair","foreign","FALSE"
0,15,1444,4,23,"poor","goods/repair","foreign","FALSE"
1,9,1980,2,19,"poor","goods/repair","foreign","TRUE"
1,24,1355,3,25,"poor","newcar","foreign","FALSE"
0,12,1393,4,47,"poor","edu","foreign","FALSE"
0,24,1376,4,28,"poor","goods/repair","foreign","FALSE"
0,60,15653,2,21,"poor","goods/repair","foreign","FALSE"
0,12,1493,4,34,"poor","goods/repair","foreign","FALSE"
1,42,4370,3,26,"poor","goods/repair","foreign","FALSE"
1,18,750,4,27,"poor","edu","foreign","FALSE"
0,15,1308,4,38,"poor","goods/repair","foreign","FALSE"
1,15,4623,3,40,"poor","edu","foreign","FALSE"
0,24,1851,4,33,"terrible","goods/repair","foreign","FALSE"
0,18,1880,4,32,"terrible","goods/repair","foreign","FALSE"
1,36,7980,4,27,"poor","biz","foreign","TRUE"
0,30,4583,2,32,"good","goods/repair","foreign","FALSE"
1,12,1386,2,26,"poor","newcar","foreign","FALSE"
1,24,947,4,38,"poor","newcar","foreign","FALSE"
1,12,684,4,40,"poor","edu","foreign","TRUE"
0,48,7476,4,50,"poor","edu","foreign","FALSE"
1,12,1922,4,37,"poor","goods/repair","foreign","FALSE"
1,24,2303,4,45,"poor","newcar","foreign","FALSE"
1,36,8086,2,42,"poor","newcar","foreign","FALSE"
0,24,2346,4,35,"terrible","usedcar","foreign","FALSE"
0,14,3973,1,22,"poor","newcar","foreign","FALSE"
1,12,888,4,41,"poor","newcar","foreign","FALSE"
0,48,10222,4,37,"poor","goods/repair","foreign","FALSE"
0,30,4221,2,28,"good","biz","foreign","FALSE"
0,18,6361,2,41,"terrible","goods/repair","foreign","FALSE"
0,12,1297,3,23,"poor","goods/repair","foreign","TRUE"
1,12,900,4,23,"poor","newcar","foreign","FALSE"
0,21,2241,4,50,"poor","goods/repair","foreign","FALSE"
0,6,1050,4,35,"poor","goods/repair","foreign","FALSE"
0,6,1047,2,50,"terrible","edu","foreign","FALSE"
0,24,6314,4,27,"terrible","biz","foreign","FALSE"
0,30,3496,4,34,"good","goods/repair","foreign","FALSE"
0,48,3609,1,27,"good","biz","foreign","FALSE"
1,12,4843,3,43,"terrible","newcar","foreign","TRUE"
0,30,3017,4,47,"terrible","goods/repair","foreign","FALSE"
0,24,4139,3,27,"terrible","biz","foreign","FALSE"
0,36,5742,2,31,"poor","biz","foreign","FALSE"
0,60,10366,2,42,"poor","newcar","foreign","FALSE"
0,6,2080,1,24,"terrible","newcar","foreign","FALSE"
1,21,2580,4,41,"poor","biz","foreign","FALSE"
0,30,4530,4,26,"terrible","goods/repair","foreign","TRUE"
0,24,5150,4,33,"terrible","goods/repair","foreign","FALSE"
1,72,5595,2,24,"poor","goods/repair","foreign","FALSE"
0,24,2384,4,64,"poor","goods/repair","foreign","TRUE"
0,18,1453,3,26,"poor","goods/repair","foreign","FALSE"
0,6,1538,1,56,"poor","edu","foreign","FALSE"
0,12,2279,4,37,"poor","goods/repair","foreign","FALSE"
0,15,1478,4,33,"poor","goods/repair","foreign","FALSE"
0,24,5103,3,47,"terrible","goods/repair","foreign","FALSE"
0,36,9857,1,31,"poor","biz","foreign","FALSE"
0,60,6527,4,34,"poor","newcar","foreign","FALSE"
0,10,1347,4,27,"terrible","goods/repair","foreign","FALSE"
0,36,2862,4,30,"poor","newcar","foreign","FALSE"
0,9,2753,3,35,"poor","goods/repair","foreign","FALSE"
0,12,3651,1,31,"poor","newcar","foreign","FALSE"
0,15,975,2,25,"terrible","goods/repair","foreign","FALSE"
0,15,2631,3,25,"poor","goods/repair","foreign","FALSE"
0,24,2896,2,29,"poor","goods/repair","foreign","FALSE"
0,6,4716,1,44,"terrible","newcar","foreign","FALSE"
0,24,2284,4,28,"poor","goods/repair","foreign","FALSE"
0,6,1236,2,50,"poor","usedcar","foreign","TRUE"
0,12,1103,4,29,"poor","goods/repair","german","FALSE"
0,12,926,1,38,"terrible","newcar","foreign","FALSE"
0,18,1800,4,24,"terrible","goods/repair","foreign","FALSE"
0,15,1905,4,40,"poor","edu","foreign","TRUE"
1,12,1123,4,29,"poor","goods/repair","foreign","TRUE"
1,48,6331,4,46,"terrible","usedcar","foreign","FALSE"
0,24,1377,4,47,"poor","goods/repair","foreign","FALSE"
0,30,2503,4,41,"poor","biz","foreign","FALSE"
0,27,2528,4,32,"poor","biz","foreign","FALSE"
0,15,5324,1,35,"poor","newcar","foreign","FALSE"
1,48,6560,3,24,"poor","newcar","foreign","FALSE"
1,12,2969,4,25,"good","goods/repair","foreign","TRUE"
0,9,1206,4,25,"poor","goods/repair","foreign","FALSE"
0,9,2118,2,37,"poor","goods/repair","foreign","FALSE"
0,18,629,4,32,"terrible","goods/repair","foreign","FALSE"
1,6,1198,4,35,"good","edu","foreign","FALSE"
0,21,2476,4,46,"poor","usedcar","foreign","FALSE"
0,9,1138,4,25,"terrible","goods/repair","foreign","FALSE"
1,60,14027,4,27,"poor","newcar","foreign","FALSE"
0,30,7596,1,63,"terrible","usedcar","foreign","FALSE"
0,30,3077,3,40,"terrible","goods/repair","foreign","FALSE"
0,18,1505,4,32,"poor","goods/repair","foreign","FALSE"
0,24,3148,3,31,"terrible","goods/repair","foreign","FALSE"
0,20,6148,3,31,"good","usedcar","foreign","FALSE"
1,9,1337,4,34,"good","goods/repair","foreign","FALSE"
1,6,433,4,24,"good","edu","foreign","TRUE"
1,12,1228,4,24,"poor","newcar","foreign","FALSE"
0,9,790,4,66,"poor","goods/repair","foreign","FALSE"
1,27,2570,3,21,"poor","newcar","foreign","TRUE"
0,6,250,2,41,"terrible","newcar","foreign","FALSE"
0,15,1316,2,47,"terrible","goods/repair","foreign","FALSE"
1,18,1882,4,25,"poor","goods/repair","foreign","TRUE"
1,48,6416,4,59,"good","biz","foreign","TRUE"
0,24,1275,2,36,"terrible","biz","foreign","FALSE"
0,24,6403,1,33,"poor","goods/repair","foreign","FALSE"
1,24,1987,2,21,"poor","goods/repair","foreign","TRUE"
0,8,760,4,44,"poor","goods/repair","foreign","FALSE"
0,24,2603,2,28,"poor","usedcar","foreign","TRUE"
0,4,3380,1,37,"terrible","newcar","foreign","FALSE"
0,36,3990,3,29,"good","goods/repair","foreign","FALSE"
1,24,11560,1,23,"poor","usedcar","foreign","TRUE"
0,18,4380,3,35,"poor","newcar","foreign","FALSE"
0,6,6761,1,45,"terrible","newcar","foreign","FALSE"
1,30,4280,4,26,"good","biz","foreign","TRUE"
0,24,2325,2,32,"good","newcar","foreign","FALSE"
0,10,1048,4,23,"good","goods/repair","foreign","FALSE"
0,21,3160,4,41,"poor","goods/repair","foreign","FALSE"
0,24,2483,4,22,"good","goods/repair","foreign","FALSE"
0,39,14179,4,30,"terrible","goods/repair","foreign","FALSE"
0,13,1797,3,28,"terrible","biz","foreign","FALSE"
0,15,2511,1,23,"poor","newcar","foreign","TRUE"
1,12,1274,3,37,"poor","newcar","foreign","FALSE"
0,21,5248,1,26,"poor","usedcar","foreign","FALSE"
0,15,3029,2,33,"poor","usedcar","foreign","FALSE"
0,6,428,2,49,"poor","goods/repair","foreign","FALSE"
1,18,976,1,23,"poor","newcar","foreign","FALSE"
0,12,841,2,23,"poor","biz","foreign","TRUE"
0,30,5771,4,25,"terrible","goods/repair","foreign","FALSE"
1,12,1555,4,55,"poor","goods/repair","foreign","FALSE"
1,24,1285,4,32,"poor","newcar","foreign","TRUE"
0,6,1299,1,74,"terrible","newcar","german","FALSE"
1,15,1271,3,39,"terrible","goods/repair","foreign","FALSE"
0,24,1393,2,31,"poor","newcar","foreign","FALSE"
1,12,691,4,35,"terrible","newcar","foreign","FALSE"
0,15,5045,1,59,"terrible","newcar","foreign","FALSE"
1,18,2124,4,24,"terrible","goods/repair","foreign","TRUE"
0,12,2214,4,24,"poor","goods/repair","foreign","FALSE"
1,21,12680,4,30,"terrible","newcar","foreign","FALSE"
0,24,2463,4,27,"terrible","newcar","foreign","FALSE"
0,12,1155,3,40,"poor","goods/repair","foreign","FALSE"
1,30,3108,2,31,"poor","goods/repair","foreign","FALSE"
0,10,2901,1,31,"poor","usedcar","foreign","TRUE"
0,12,3617,1,28,"terrible","goods/repair","foreign","TRUE"
0,12,1655,2,63,"terrible","goods/repair","foreign","FALSE"
0,24,2812,2,26,"poor","usedcar","foreign","TRUE"
1,36,8065,3,25,"terrible","edu","foreign","FALSE"
0,21,3275,1,36,"terrible","usedcar","foreign","FALSE"
0,24,2223,4,52,"terrible","goods/repair","foreign","FALSE"
0,12,1480,2,66,"terrible","newcar","foreign","FALSE"
1,24,1371,4,25,"poor","newcar","foreign","TRUE"
0,36,3535,4,37,"terrible","newcar","foreign","FALSE"
0,18,3509,4,25,"poor","goods/repair","foreign","FALSE"
0,36,5711,4,38,"terrible","usedcar","foreign","FALSE"
0,18,3872,2,67,"poor","goods/repair","foreign","FALSE"
1,39,4933,2,25,"terrible","goods/repair","foreign","FALSE"
0,24,1940,4,60,"terrible","newcar","foreign","FALSE"
0,12,1410,2,31,"good","edu","foreign","FALSE"
1,12,836,4,23,"poor","newcar","foreign","FALSE"
0,20,6468,1,60,"poor","usedcar","foreign","FALSE"
0,18,1941,4,35,"poor","biz","foreign","FALSE"
0,22,2675,3,40,"poor","goods/repair","foreign","FALSE"
0,48,2751,4,38,"terrible","usedcar","foreign","FALSE"
1,48,6224,4,50,"poor","edu","foreign","FALSE"
1,40,5998,4,27,"terrible","edu","foreign","FALSE"
1,21,1188,2,39,"poor","biz","foreign","FALSE"
0,24,6313,3,41,"poor","usedcar","foreign","FALSE"
0,6,1221,1,27,"terrible","goods/repair","foreign","FALSE"
0,24,2892,3,51,"poor","goods/repair","foreign","FALSE"
0,24,3062,4,32,"poor","goods/repair","foreign","TRUE"
0,9,2301,2,22,"poor","goods/repair","foreign","TRUE"
1,18,7511,1,51,"poor","usedcar","foreign","FALSE"
0,12,1258,2,22,"terrible","goods/repair","foreign","TRUE"
0,24,717,4,54,"poor","newcar","foreign","FALSE"
0,9,1549,4,35,"poor","newcar","foreign","FALSE"
0,24,1597,4,54,"terrible","edu","foreign","FALSE"
0,18,1795,3,48,"terrible","goods/repair","foreign","TRUE"
0,20,4272,1,24,"terrible","goods/repair","foreign","FALSE"
0,12,976,4,35,"terrible","goods/repair","foreign","FALSE"
0,12,7472,1,24,"poor","newcar","foreign","TRUE"
1,36,9271,2,24,"poor","newcar","foreign","FALSE"
0,6,590,3,26,"poor","goods/repair","german","FALSE"
0,12,930,4,65,"terrible","goods/repair","foreign","FALSE"
0,42,9283,1,55,"good","usedcar","foreign","FALSE"
1,15,1778,2,26,"good","newcar","foreign","TRUE"
0,8,907,3,26,"poor","biz","foreign","FALSE"
0,6,484,3,28,"poor","goods/repair","foreign","FALSE"
1,36,9629,4,24,"terrible","usedcar","foreign","FALSE"
1,48,3051,3,54,"poor","goods/repair","foreign","FALSE"
1,48,3931,4,46,"poor","newcar","foreign","FALSE"
0,36,7432,2,54,"poor","newcar","foreign","TRUE"
0,6,1338,1,62,"poor","goods/repair","foreign","FALSE"
0,6,1554,1,24,"terrible","goods/repair","foreign","TRUE"
0,36,15857,2,43,"poor","biz","foreign","FALSE"
1,18,1345,4,26,"poor","goods/repair","foreign","FALSE"
0,12,1101,3,27,"poor","newcar","foreign","FALSE"
0,12,3016,3,24,"poor","goods/repair","foreign","FALSE"
1,36,2712,2,41,"poor","goods/repair","foreign","FALSE"
0,8,731,4,47,"terrible","newcar","foreign","FALSE"
0,18,3780,3,35,"terrible","goods/repair","foreign","FALSE"
0,21,1602,4,30,"terrible","newcar","foreign","FALSE"
1,18,3966,1,33,"terrible","newcar","foreign","TRUE"
1,18,4165,2,36,"good","biz","foreign","FALSE"
1,36,8335,3,47,"poor","usedcar","foreign","FALSE"
0,48,6681,4,38,"poor","biz","foreign","FALSE"
0,24,2375,4,44,"poor","biz","foreign","FALSE"
1,18,1216,4,23,"poor","newcar","foreign","TRUE"
1,45,11816,2,29,"good","biz","foreign","TRUE"
0,24,5084,2,42,"poor","goods/repair","foreign","FALSE"
1,15,2327,2,25,"poor","goods/repair","foreign","FALSE"
1,12,1082,4,48,"good","newcar","foreign","FALSE"
0,12,886,4,21,"poor","goods/repair","foreign","FALSE"
0,4,601,1,23,"poor","goods/repair","foreign","TRUE"
0,24,2957,4,63,"terrible","usedcar","foreign","FALSE"
0,24,2611,4,46,"terrible","goods/repair","foreign","FALSE"
1,36,5179,4,29,"poor","goods/repair","foreign","FALSE"
0,21,2993,3,28,"poor","usedcar","foreign","FALSE"
1,18,1943,4,23,"poor","goods/repair","foreign","FALSE"
0,24,1559,4,50,"good","biz","foreign","FALSE"
0,18,3422,4,47,"poor","goods/repair","foreign","FALSE"
0,21,3976,2,35,"poor","goods/repair","foreign","FALSE"
1,18,6761,2,68,"poor","newcar","foreign","TRUE"
0,24,1249,4,28,"poor","newcar","foreign","FALSE"
0,9,1364,3,59,"poor","goods/repair","foreign","FALSE"
1,12,709,4,57,"poor","goods/repair","foreign","FALSE"
1,20,2235,4,33,"terrible","newcar","german","TRUE"
0,24,4042,3,43,"terrible","usedcar","foreign","FALSE"
0,15,1471,4,35,"terrible","goods/repair","foreign","FALSE"
1,18,1442,4,32,"good","newcar","foreign","FALSE"
0,36,10875,2,45,"poor","newcar","foreign","FALSE"
0,24,1474,4,33,"poor","newcar","foreign","FALSE"
0,10,894,4,40,"poor","edu","foreign","FALSE"
0,15,3343,4,28,"terrible","goods/repair","foreign","FALSE"
1,15,3959,3,29,"poor","newcar","foreign","FALSE"
0,9,3577,1,26,"poor","newcar","german","TRUE"
0,24,5804,4,27,"terrible","usedcar","foreign","FALSE"
1,18,2169,4,28,"poor","biz","foreign","FALSE"
1,24,2439,4,35,"poor","goods/repair","foreign","FALSE"
0,27,4526,4,32,"terrible","goods/repair","foreign","FALSE"
1,10,2210,2,25,"poor","goods/repair","foreign","TRUE"
0,15,2221,2,20,"poor","goods/repair","foreign","TRUE"
0,18,2389,4,27,"poor","goods/repair","foreign","FALSE"
0,12,3331,2,42,"terrible","goods/repair","foreign","FALSE"
0,36,7409,3,37,"poor","biz","foreign","FALSE"
0,12,652,4,24,"poor","goods/repair","foreign","TRUE"
0,36,7678,2,40,"poor","goods/repair","foreign","FALSE"
0,6,1343,1,46,"terrible","newcar","german","FALSE"
0,24,1382,4,26,"terrible","biz","foreign","FALSE"
0,15,874,4,24,"poor","goods/repair","foreign","FALSE"
0,12,3590,2,29,"poor","goods/repair","foreign","FALSE"
0,11,1322,4,40,"terrible","newcar","foreign","FALSE"
0,18,1940,3,36,"good","goods/repair","foreign","FALSE"
0,36,3595,4,28,"poor","goods/repair","foreign","FALSE"
1,9,1422,3,27,"poor","newcar","foreign","FALSE"
0,30,6742,2,36,"terrible","goods/repair","foreign","FALSE"
0,24,7814,3,38,"poor","usedcar","foreign","FALSE"
0,24,9277,2,48,"poor","usedcar","foreign","FALSE"
0,30,2181,4,36,"terrible","newcar","foreign","FALSE"
0,18,1098,4,65,"terrible","goods/repair","foreign","FALSE"
1,24,4057,3,43,"poor","goods/repair","foreign","FALSE"
1,12,795,4,53,"poor","edu","foreign","FALSE"
0,24,2825,4,34,"terrible","biz","foreign","FALSE"
1,48,15672,2,23,"poor","biz","foreign","FALSE"
0,36,6614,4,34,"terrible","newcar","foreign","FALSE"
0,28,7824,3,40,"good","usedcar","foreign","TRUE"
0,27,2442,4,43,"terrible","biz","foreign","FALSE"
0,15,1829,4,46,"terrible","goods/repair","foreign","FALSE"
0,12,2171,4,38,"terrible","newcar","german","FALSE"
0,36,5800,3,34,"terrible","usedcar","foreign","FALSE"
0,18,1169,4,29,"terrible","goods/repair","foreign","FALSE"
0,36,8947,3,31,"poor","usedcar","foreign","FALSE"
0,21,2606,4,28,"poor","goods/repair","foreign","TRUE"
0,12,1592,3,35,"terrible","goods/repair","german","FALSE"
0,15,2186,1,33,"poor","goods/repair","foreign","TRUE"
1,18,4153,2,42,"poor","goods/repair","foreign","FALSE"
1,16,2625,2,43,"terrible","newcar","foreign","TRUE"
0,20,3485,2,44,"terrible","newcar","foreign","FALSE"
0,36,10477,2,42,"terrible","usedcar","foreign","FALSE"
0,15,1386,4,40,"poor","goods/repair","foreign","TRUE"
0,24,1278,4,36,"poor","goods/repair","foreign","FALSE"
0,12,1107,2,20,"poor","goods/repair","foreign","TRUE"
0,21,3763,2,24,"poor","newcar","german","FALSE"
0,36,3711,2,27,"poor","edu","foreign","FALSE"
0,15,3594,1,46,"poor","usedcar","foreign","FALSE"
0,9,3195,1,33,"poor","newcar","foreign","FALSE"
0,36,4454,4,34,"poor","goods/repair","foreign","FALSE"
1,24,4736,2,25,"terrible","goods/repair","foreign","FALSE"
0,30,2991,2,25,"poor","goods/repair","foreign","FALSE"
0,11,2142,1,28,"poor","biz","foreign","FALSE"
1,24,3161,4,31,"good","biz","foreign","TRUE"
1,48,18424,1,32,"good","biz","german","FALSE"
0,10,2848,1,32,"poor","usedcar","foreign","FALSE"
1,6,14896,1,68,"poor","newcar","foreign","FALSE"
1,24,2359,1,33,"poor","goods/repair","foreign","FALSE"
1,24,3345,4,39,"poor","goods/repair","foreign","TRUE"
0,18,1817,4,28,"terrible","goods/repair","foreign","FALSE"
0,48,12749,4,37,"poor","goods/repair","foreign","FALSE"
1,9,1366,3,22,"poor","goods/repair","foreign","TRUE"
0,12,2002,3,30,"poor","newcar","foreign","TRUE"
1,24,6872,2,55,"good","goods/repair","foreign","FALSE"
1,12,697,4,46,"good","newcar","foreign","FALSE"
0,18,1049,4,21,"terrible","goods/repair","foreign","TRUE"
1,48,10297,4,39,"poor","usedcar","foreign","FALSE"
0,30,1867,4,58,"poor","goods/repair","foreign","FALSE"
0,12,1344,4,43,"poor","newcar","foreign","FALSE"
0,24,1747,4,24,"poor","goods/repair","german","FALSE"
1,9,1670,4,22,"poor","goods/repair","foreign","FALSE"
0,9,1224,3,30,"terrible","newcar","foreign","FALSE"
0,12,522,4,42,"terrible","goods/repair","foreign","FALSE"
0,12,1498,4,23,"poor","goods/repair","foreign","FALSE"
1,30,1919,4,30,"poor","goods/repair","foreign","FALSE"
1,9,745,3,28,"poor","goods/repair","foreign","FALSE"
0,6,2063,4,30,"poor","goods/repair","foreign","TRUE"
1,60,6288,4,42,"poor","edu","foreign","FALSE"
0,24,6842,2,46,"terrible","usedcar","foreign","FALSE"
0,12,3527,2,45,"poor","newcar","foreign","FALSE"
0,10,1546,3,31,"poor","newcar","german","FALSE"
0,24,929,4,31,"poor","goods/repair","foreign","FALSE"
0,4,1455,2,42,"terrible","newcar","foreign","FALSE"
0,15,1845,4,46,"poor","goods/repair","foreign","TRUE"
0,48,8358,1,30,"good","newcar","foreign","FALSE"
1,24,3349,4,30,"good","goods/repair","foreign","FALSE"
0,12,2859,4,38,"poor","newcar","foreign","FALSE"
1,18,1533,4,43,"poor","goods/repair","foreign","FALSE"
1,24,3621,2,31,"poor","goods/repair","foreign","FALSE"
0,18,3590,3,40,"terrible","biz","foreign","FALSE"
1,36,2145,2,24,"poor","biz","foreign","FALSE"
1,24,4113,3,28,"poor","usedcar","foreign","TRUE"
1,36,10974,4,26,"poor","goods/repair","foreign","FALSE"
0,12,1893,4,29,"poor","newcar","foreign","FALSE"
0,24,1231,4,57,"terrible","goods/repair","foreign","TRUE"
0,30,3656,4,49,"terrible","goods/repair","foreign","FALSE"
0,9,1154,2,37,"terrible","goods/repair","foreign","FALSE"
1,28,4006,3,45,"poor","newcar","foreign","FALSE"
0,24,3069,4,30,"poor","goods/repair","foreign","FALSE"
0,6,1740,2,30,"terrible","goods/repair","foreign","TRUE"
0,21,2353,1,47,"poor","newcar","foreign","FALSE"
0,15,3556,3,29,"poor","newcar","foreign","FALSE"
1,24,2397,3,35,"poor","goods/repair","foreign","FALSE"
0,6,454,3,22,"poor","goods/repair","foreign","FALSE"
0,30,1715,4,26,"poor","goods/repair","foreign","FALSE"
1,27,2520,4,23,"terrible","goods/repair","foreign","FALSE"
0,15,3568,4,54,"poor","goods/repair","foreign","TRUE"
0,42,7166,2,29,"poor","goods/repair","foreign","TRUE"
0,11,3939,1,40,"terrible","newcar","foreign","FALSE"
0,15,1514,4,22,"poor","goods/repair","foreign","FALSE"
0,24,7393,1,43,"poor","newcar","foreign","FALSE"
1,24,1193,1,29,"good","newcar","foreign","TRUE"
1,60,7297,4,36,"poor","biz","foreign","TRUE"
0,30,2831,4,33,"terrible","goods/repair","foreign","FALSE"
0,24,1258,3,57,"poor","goods/repair","foreign","FALSE"
0,6,753,2,64,"poor","goods/repair","foreign","FALSE"
0,18,2427,4,42,"poor","biz","foreign","FALSE"
1,24,2538,4,47,"poor","newcar","foreign","FALSE"
1,15,1264,2,25,"good","newcar","foreign","TRUE"
1,30,8386,2,49,"terrible","goods/repair","foreign","FALSE"
1,48,4844,3,33,"poor","biz","foreign","TRUE"
0,21,2923,1,28,"poor","newcar","foreign","FALSE"
1,36,8229,2,26,"poor","usedcar","foreign","FALSE"
0,24,2028,2,30,"terrible","goods/repair","foreign","FALSE"
0,15,1433,4,25,"terrible","goods/repair","foreign","TRUE"
0,42,6289,2,33,"good","biz","foreign","FALSE"
0,13,1409,2,64,"poor","goods/repair","foreign","FALSE"
0,24,6579,4,29,"poor","usedcar","foreign","FALSE"
0,24,1743,4,48,"terrible","goods/repair","foreign","FALSE"
0,12,3565,2,37,"terrible","edu","foreign","FALSE"
0,15,1569,4,34,"good","goods/repair","foreign","FALSE"
0,18,1936,2,23,"poor","goods/repair","foreign","TRUE"
0,36,3959,4,30,"poor","goods/repair","foreign","FALSE"
0,12,2390,4,50,"poor","newcar","foreign","FALSE"
0,12,1736,3,31,"poor","goods/repair","foreign","FALSE"
0,30,3857,4,40,"poor","usedcar","foreign","FALSE"
0,12,804,4,38,"poor","goods/repair","foreign","FALSE"
1,45,1845,4,23,"poor","goods/repair","foreign","FALSE"
0,45,4576,3,27,"terrible","usedcar","foreign","FALSE"
